序号,链接,节点数
0,https://N1NfzV.absslk.xyz/ad0b132c16b8c76b889e1bad8f8e5ee6,0
1,https://RKoCoK.mcsslk.xyz/0398eda26f785ecebb9c2809613c17b6,39
2,https://gitlab.com/colloq168/nodefiltrate/-/raw/main/filtrate?ref_type=heads,43
3,https://raw.githubusercontent.com/Alvin9999/pac2/master/clash.meta2/1/config.yaml,0
4,https://raw.githubusercontent.com/Alvin9999/pac2/master/clash.meta2/13/config.yaml,0
5,https://raw.githubusercontent.com/Alvin9999/pac2/master/clash.meta2/15/config.yaml,0
6,https://raw.githubusercontent.com/Alvin9999/pac2/master/clash.meta2/2/config.yaml,0
7,https://raw.githubusercontent.com/Alvin9999/pac2/master/clash.meta2/config.yaml,0
8,https://raw.githubusercontent.com/Huibq/TrojanLinks/master/links/vmess,0
9,https://raw.githubusercontent.com/Surfboardv2ray/TGParse/main/python/hy2,0
10,https://raw.githubusercontent.com/Surfboardv2ray/TGParse/main/python/hysteria2,10
11,https://raw.githubusercontent.com/qjlxg/hy2/main/splitted/hy2,14
12,https://raw.githubusercontent.com/ripaojiedian/freenode/main/clash,26
13,https://raw.githubusercontent.com/ripaojiedian/freenode/main/sub,27
14,https://raw.githubusercontent.com/zhangkaiitugithub/passcro/main/speednodes.yaml,63
15,dynamic://peasoft,0

总计,,198
